insert into semester values(1,'1st');
insert into semester values(2,'2nd');
insert into semester values(3,'3rd');
insert into semester values(4,'4th');
insert into semester values(5,'5th');
insert into semester values(6,'6th');
insert into semester values(7,'7th');
insert into semester values(8,'8th');
commit;

insert into student values(1,'TADSushar','Hasanra','mtuhar67@gmail.com',3);
insert into student values(2,'TuDSAFshar','Hasarsdn','mtuhar657@gmail.com',3);
insert into student values(3,'TushCXZCar','Hasanre','mtuhar67sfdg@gmail.com',3);
insert into student values(4,'Tushxzcar','Hasanre','mtuhar6dfgsd7@gmail.com',3);
insert into student values(5,'TushaCCZVXCr','HasaxcnZxv','mtuhar67fdg@gmail.com',3);
insert into student values(6,'TushaCCZrVXZ','HasaxcVzn','mtuhar6FSDFfdg@gmail.com',2);
insert into student values(7,'TushaCCZrVzx','HasXZVaxcn','mFXZVr67fdg@gmail.com',2);
insert into student values(8,'TGSFAushaCCZr','XZVXCHasaxcn','XZCVXCVar67fdg@gmail.com',2);
insert into student values(9,'TushaFDSACCZr','HasaxcCVCn','mtuVzvar67fdg@gmail.com',1);
insert into student values(10,'TushDSAFaCCZr','HasaxCXVcn','mtuXVXC67fdg@gmail.com',1);
insert into student values(11,'TushDSAFaCCZr','HasaxCXVcn','mtuXVXC67fdg@gmail.com',1);
insert into student values(12,'TushDSAFaCCZr','HasaxCXVcn','mtuXVXC67fdg@gmail.com',4);
insert into student values(13,'TushDSAFaCCZr','HasaxCXVcn','mtuXVXC67fdg@gmail.com',4);
insert into student values(14,'TushDSAFaCCZr','HasaxCXVcn','mtuXVXC67fdg@gmail.com',4);
insert into student values(15,'TushDSAFaCCZr','HasaxCXVcn','mtuXVXC67fdg@gmail.com',5);
insert into student values(16,'TushDSAFaCCZr','HasaxCXVcn','mtuXVXC67fdg@gmail.com',5);
insert into student values(17,'TushDSAFaCCZr','HasaxCXVcn','mtuXVXC67fdg@gmail.com',6);
insert into student values(18,'TushDSAFaCCZr','HasaxCXVcn','mtuXVXC67fdg@gmail.com',6);
insert into student values(19,'TushDSAFaCCZr','HasaxCXVcn','mtuXVXC67fdg@gmail.com',7);
insert into student values(20,'TushDSAFaCCZr','HasaxCXVcn','mtuXVXC67fdg@gmail.com',7);
insert into student values(21,'TushDSAFaCCZr','HasaxCXVcn','mtuXVXC67fdg@gmail.com',8);
insert into student values(22,'TushDSAFaCCZr','HasaxCXVcn','mtuXVXC67fdg@gmail.com',8);
COMMIT;
insert into course values(1,'OOP',1);
insert into course values(2,'Computer Fundamental',1);
insert into course values(3,'english',1);
insert into course values(4,'math',2);
insert into course values(5,'Algorithm',2);
insert into course values(6,'Data Structure',2);
insert into course values(7,'Database',3);
insert into course values(8,'OS',3);
insert into course values(9,'Integration',3);
insert into course values(10,'EDC',4);
insert into course values(11,'DSP',4);
insert into course values(12,'architecture',4);
insert into course values(13,'Socialogy',5);
insert into course values(14,'Economics',5);
insert into course values(15,'Software Engineering',5);
insert into course values(16,'AI',6);
insert into course values(17,'Circuit Designing',6);
insert into course values(18,'Discrete math',6);
insert into course values(19,'Software analysis',7);
insert into course values(20,'Mobile App',7);
insert into course values(21,'data mining',7);
insert into course values(22,'Accounting',8);
insert into course values(23,'Neural Network',8);
insert into course values(24,'Networking',8);
Commit;
insert into demo_test(id,name,address,company) values (1,'tushar','mirpur','nbl');
insert into demo_test(id,name,address,company) values (2,'tushar','mirpur','nbl');
insert into demo_test(id,name,address,company) values (3,'tushar','mirpur','nbl');
insert into demo_test(id,name,address,company) values (4,'tushar','mirpur','nbl');
insert into demo_test(id,name,address,company) values (5,'tushar','mirpur','nbl');
insert into demo_test(id,name,address,company) values (6,'tushar','mirpur','nbl');
insert into demo_test(id,name,address,company) values (7,'tushar','mirpur','nbl');
/*insert into demo_test('id','name','address','company') values (2,hasan,mirpur,nbl);
insert into demo_test('id','name','address','company') values (3,tushar,mirpur,nbl);
insert into demo_test('id','name','address','company') values (4,tushar,mirpur,nbl);
insert into demo_test('id','name','address','company') values (5,tushar,mirpur,nbl);
insert into demo_test('id','name','address','company') values (6,tushar,mirpur,nbl);
insert into demo_test('id','name','address','company') values (7,tushar,mirpur,nbl);
insert into demo_test('id','name','address','company') values (8,tushar,mirpur,nbl);
insert into demo_test('id','name','address','company') values (9,tushar,mirpur,nbl);
insert into demo_test('id','name','address','company') values (10,tushar,mirpur,nbl);
insert into demo_test('id','name','address','company') values (11,tushar,mirpur,nbl);*/
INSERT into tbl_billinfo (id, lpc_amount, snd_id, account_no, address, bill_no, consumer_no, due_date, metter_no, name, payment_status, total_bill_amount, vat_amount, instrument_code, instrumnet_no, rev_stamp_amount, bank_txn_id, client_txn_id, bill_amount, collection_date, net_principal_amount, principal_amount) VALUES (3, 2, 37, '37003277', 'KALIGONJ  ,TANORE', '031937003277', NULL, ('2019-04-28T00:00:00.0000000'), '237240', 'MD.MOJIBUR RAHMAN', 'PAID', 3628, 158, NULL, NULL, 10, '0', '0', 3626, ('2019-04-28T00:00:00.0000000' ), NULL, NULL);
INSERT into tbl_billinfo (id, lpc_amount, snd_id, account_no, address, bill_no, consumer_no, due_date, metter_no, name, payment_status, total_bill_amount, vat_amount, instrument_code, instrumnet_no, rev_stamp_amount, bank_txn_id, client_txn_id, bill_amount, collection_date, net_principal_amount, principal_amount) VALUES (9, 18, 31, '31009754','Bakhara Baz Motiher ,Rajshahi', '041931009754', NULL, ('2020-09-30T00:00:00.0000000' ), '4461', 'Md. Rozab Ali Shah', 'UNPAID', 723, 33, NULL, NULL, 10, '0', '0', 705, ('2020-09-30T00:00:00.0000000' ), NULL, NULL);
INSERT into tbl_billinfo (id, lpc_amount, snd_id, account_no, address, bill_no, consumer_no, due_date, metter_no, name, payment_status, total_bill_amount, vat_amount, instrument_code, instrumnet_no, rev_stamp_amount, bank_txn_id, client_txn_id, bill_amount, collection_date, net_principal_amount, principal_amount) VALUES (10, 2, 37, '37001852','GOLLA PARA  ,TANORE', '031937001852', NULL, ('2020-09-30T00:00:00.0000000' ), '16554', 'MD. AMAZUDDIN', 'UNPAID', 29, 2, NULL, NULL, 0, '0', '0', 27, ('2020-09-30T00:00:00.0000000' ), NULL, NULL);
INSERT into tbl_billinfo (id, lpc_amount, snd_id, account_no, address, bill_no, consumer_no, due_date, metter_no, name, payment_status, total_bill_amount, vat_amount, instrument_code, instrumnet_no, rev_stamp_amount, bank_txn_id, client_txn_id, bill_amount, collection_date, net_principal_amount, principal_amount) VALUES (11, 2, 37, '37004443','VATRANDO  ,TANORE', '031937004443', NULL, ('2020-09-30T00:00:00.0000000' ), '0', 'MD. MEHRAJ UDDIN', 'UNPAID', 34, 2, NULL, NULL, 0, '0', '0', 32, ('2020-09-30T00:00:00.0000000' ), NULL, NULL);
INSERT into tbl_billinfo (id, lpc_amount, snd_id, account_no, address, bill_no, consumer_no, due_date, metter_no, name, payment_status, total_bill_amount, vat_amount, instrument_code, instrumnet_no, rev_stamp_amount, bank_txn_id, client_txn_id, bill_amount, collection_date, net_principal_amount, principal_amount) VALUES (12, 7, 31, '31005910','SHAMPUR MOTIHER ,RAJSHAHI', '041931005910', NULL, ('2020-09-30T00:00:00.0000000' ), '742722', 'MOST.HALEMA BEGUM', 'UNPAID', 152, 7, NULL, NULL, 0, '0', '0', 145, ('2020-09-30T00:00:00.0000000' ), NULL, NULL);
INSERT into tbl_billinfo (id, lpc_amount, snd_id, account_no, address, bill_no, consumer_no, due_date, metter_no, name, payment_status, total_bill_amount, vat_amount, instrument_code, instrumnet_no, rev_stamp_amount, bank_txn_id, client_txn_id, bill_amount, collection_date, net_principal_amount, principal_amount) VALUES (13, 36, 37,'37003960','TANORE MORE  ,TANORE', '021937003960', NULL, ('2019-03-25T00:00:00.0000000' ), '250417', 'MD.ABDUL MANAN ALI', 'UNPAID', 779, 36, NULL, NULL, 10, '0', '0', 743, ('2019-03-25T00:00:00.0000000' ), NULL, NULL);
INSERT into tbl_billinfo (id, lpc_amount, snd_id, account_no, address, bill_no, consumer_no, due_date, metter_no, name, payment_status, total_bill_amount, vat_amount, instrument_code, instrumnet_no, rev_stamp_amount, bank_txn_id, client_txn_id, bill_amount, collection_date, net_principal_amount, principal_amount) VALUES (14, 19, 37,'37006324', 'RAITAN BORSHO  ,TANORE', '021937006324', NULL, ('2019-03-25T00:00:00.0000000' ), '440380', 'SHOFIQUL ISLAM', 'UNPAID', 418, 19, NULL, NULL, 0, NULL, NULL, 399, ('2019-03-25T00:00:00.0000000' ), NULL, NULL);
INSERT into tbl_billinfo (id, lpc_amount, snd_id, account_no, address, bill_no, consumer_no, due_date, metter_no, name, payment_status, total_bill_amount, vat_amount, instrument_code, instrumnet_no, rev_stamp_amount, bank_txn_id, client_txn_id, bill_amount, collection_date, net_principal_amount, principal_amount) VALUES (16, 2, 37, '37004150', 'VODROKHANDO  ,TANORE', '011937004150', NULL, ('2019-03-04T00:00:00.0000000' ), '.004462', 'MD. LUTFOR RAHMAN', 'PAID', 469, 22, 'CS', NULL, 10, '20211213164740', 'NBL2021121300007', 467, ('2019-03-04T00:00:00.0000000' ), NULL, NULL);
INSERT into tbl_billinfo (id, lpc_amount, snd_id, account_no, address, bill_no, consumer_no, due_date, metter_no, name, payment_status, total_bill_amount, vat_amount, instrument_code, instrumnet_no, rev_stamp_amount, bank_txn_id, client_txn_id, bill_amount, collection_date, net_principal_amount, principal_amount) VALUES (17, 15, 31,'31010093', 'Sucharan  ,Rajshahi', '041931010093', NULL, ('2019-05-30T00:00:00.0000000' ), '456802', 'Md. Abdur Razzak', 'PAID', 315, 15, 'CS', NULL, 0, '20211222165403', 'Already', 300, ('2021-12-22T00:00:00.0000000' ), 300, 300);
INSERT into tbl_billinfo (id, lpc_amount, snd_id, account_no, address, bill_no, consumer_no, due_date, metter_no, name, payment_status, total_bill_amount, vat_amount, instrument_code, instrumnet_no, rev_stamp_amount, bank_txn_id, client_txn_id, bill_amount, collection_date, net_principal_amount, principal_amount) VALUES (66, 21, 41,'41013965', 'KALUPUR  ,SHIBGANJ', '041941013965', NULL, ('2019-05-19T00:00:00.0000000' ), '753724', 'MST.PEARA BEGUM', 'PAID', 449, 21, 'CS', NULL, 10, '20211227134315', 'NBL2021122700001', 428, ('2021-12-27T00:00:00.0000000' ), 418, 428);
INSERT into tbl_billinfo (id, lpc_amount, snd_id, account_no, address, bill_no, consumer_no, due_date, metter_no, name, payment_status, total_bill_amount, vat_amount, instrument_code, instrumnet_no, rev_stamp_amount, bank_txn_id, client_txn_id, bill_amount, collection_date, net_principal_amount, principal_amount) VALUES (67, 10, 31,'31002741', 'SHAMPUR ,MOTIHAR  ,RAJSHAHI', '041931002741', NULL, ('2019-05-22T00:00:00.0000000' ), '383446', 'MD. AMINUL ISLAM', 'PAID', 220, 10, 'CS', NULL, 0, '20211227134836', 'NBL2021122700002', 210, ('2021-12-27T00:00:00.0000000' ), 210, 210);
INSERT into tbl_computer_center_list (id, computer_center_id, computer_center_name, reconciliation_email) VALUES (20, 21, 'Rajshahi Computer Center', 'rajcc_report@client.gov.bd, dgmaccounts@client.gov.bd');
INSERT into tbl_computer_center_list (id, computer_center_id, computer_center_name, reconciliation_email) VALUES (21, 22, 'Rangpur Computer Center', 'rajcc_report@client.gov.bd, dgmaccounts@client.gov.bd');
INSERT into tbl_computer_center_list (id, computer_center_id, computer_center_name, reconciliation_email) VALUES (22, 23, 'Bogura Computer Center', 'rajcc_report@client.gov.bd, dgmaccounts@client.gov.bd');
INSERT into tbl_computer_center_list (id, computer_center_id, computer_center_name, reconciliation_email) VALUES (23, 24, 'Pabna Computer Center', 'rajcc_report@client.gov.bd, dgmaccounts@client.gov.bd');
INSERT into tbl_computer_center_list (id, computer_center_id, computer_center_name, reconciliation_email) VALUES (24, 25, 'Ishshawrdi Computer Center', 'rajcc_report@client.gov.bd, dgmaccounts@client.gov.bd');
INSERT into tbl_computer_center_list (id, computer_center_id, computer_center_name, reconciliation_email) VALUES (25, 26, 'Dinajpur Computer Center', 'rajcc_report@client.gov.bd, dgmaccounts@client.gov.bd');
INSERT into tbl_sndlist (id, computer_center_id, display_order, sndname, snd_id) VALUES (46, 21, 1, 'Sales and Distribution Division - 1, Rajshahi', 33);
INSERT into tbl_sndlist (id, computer_center_id, display_order, sndname, snd_id) VALUES (47, 21, 2, 'Sales and Distribution Division - 2, Rajshahi', 34);
INSERT into tbl_sndlist (id, computer_center_id, display_order, sndname, snd_id) VALUES (48, 21, 3, 'Sales and Distribution Division - 3, Rajshahi', 32);
INSERT into tbl_sndlist (id, computer_center_id, display_order, sndname, snd_id) VALUES (49, 21, 4, 'Sales and Distribution Division - 4, Rajshahi', 35);
INSERT into tbl_sndlist (id, computer_center_id, display_order, sndname, snd_id) VALUES (50, 21, 5, 'Sales and Distribution Division - 5, Rajshahi', 31);
INSERT into tbl_sndlist (id, computer_center_id, display_order, sndname, snd_id) VALUES (51, 21, 6, 'Tanore Electricity Supply Unit, Tanore', 37);
INSERT into tbl_sndlist (id, computer_center_id, display_order, sndname, snd_id) VALUES (52, 21, 7, 'Sales and Distribution Division - 1, Chapai Nawabgonj', 36);
INSERT into tbl_sndlist (id, computer_center_id, display_order, sndname, snd_id) VALUES (53, 21, 8, 'Sales and Distribution Division - 2, Chapai Nawabgonj', 42);
INSERT into tbl_sndlist (id, computer_center_id, display_order, sndname, snd_id) VALUES (54, 21, 9, 'Sales and Distribution Division, Gomestapur', 39);
INSERT into tbl_sndlist (id, computer_center_id, display_order, sndname, snd_id) VALUES (55, 21, 10, 'Sales and Distribution Division, Godagari', 38);
INSERT into tbl_sndlist (id, computer_center_id, display_order, sndname, snd_id) VALUES (56, 21, 11, 'Shibganj Electricity Supply Unit, Shibganj', 41);
INSERT into tbl_sndlist (id, computer_center_id, display_order, sndname, snd_id) VALUES (57, 21, 12, 'Sales and Distribution Division, Natore', 40);
INSERT into tbl_sndlist (id, computer_center_id, display_order, sndname, snd_id) VALUES (58, 21, 14, 'Sales and Distribution Division - 1, Shirajganj', 71);
INSERT into tbl_sndlist (id, computer_center_id, display_order, sndname, snd_id) VALUES (59, 21, 15, 'Sales and Distribution Division, Ishwardi', 72);
INSERT into tbl_sndlist (id, computer_center_id, display_order, sndname, snd_id) VALUES (60, 21, 16, 'Sales and Distribution Division - 1, Pabna', 73);
INSERT into tbl_sndlist (id, computer_center_id, display_order, sndname, snd_id) VALUES (61, 21, 17, 'Sales and Distribution Division - 2, Pabna', 74);
INSERT into tbl_sndlist (id, computer_center_id, display_order, sndname, snd_id) VALUES (62, 21, 18, 'Sales and Distribution Division - 2, Sirajganj', 76);
INSERT into tbl_sndlist (id, computer_center_id, display_order, sndname, snd_id) VALUES (63, 23, 19, 'Sales and Distribution Division, Naogaon (North)', 77);
INSERT into tbl_sndlist (id, computer_center_id, display_order, sndname, snd_id) VALUES (64, 23, 20, 'Sales and Distribution Division, Joypurhat', 78);
INSERT into tbl_sndlist (id, computer_center_id, display_order, sndname, snd_id) VALUES (65, 23, 21, 'Sales and Distribution Division, Santahar', 79);




commit;